name,parent_brand,origin,volume,status
Chevrolet,,USA,136599,confirmed
Nissan,,Japan,92284,confirmed
Hyundai,,Korea,79974,confirmed
Chery,,China,78222,confirmed
MG,,China,71901,confirmed
Toyota,,Japan,58785,confirmed
KIA,,Korea,53757,confirmed
Suzuki,,Japan,48566,confirmed
Mercedes,,Europe,45697,confirmed
Skoda,,Europe,32407,confirmed
Renault,,Europe,27795,confirmed
Peugeot,,Europe,25303,confirmed
FIAT,,Europe,25082,confirmed
BYD,,China,24594,confirmed
Mitsubishi,,Japan,22539,confirmed
Volkswagen,,Europe,21158,confirmed
Jetour,Chery,China,20610,confirmed
SEAT,,Europe,17742,confirmed
Citroen,,Europe,14922,confirmed
OPEL,,Europe,13997,confirmed
BMW,,Europe,12289,confirmed
King Long,,China,11647,confirmed
GoldenDragon,,China,10057,confirmed
Geely,,China,9368,confirmed
AUDI,,Europe,9350,confirmed
Changan,,China,9186,confirmed
BAIC,,China,7840,confirmed
Isuzu,,Japan,7357,confirmed
JAC,,China,6900,confirmed
Soueast,,China,6129,confirmed
Abaza,,Others,5956,confirmed
Haval,,China,5758,confirmed
LADA,,Russia,4728,confirmed
Honda,,Japan,4642,confirmed
DFSK,,China,4385,confirmed
KGM,,Korea,4358,confirmed
Land Rover,,Europe,3982,confirmed
JEEP,,USA,3732,confirmed
Proton,,Others,3509,confirmed
Volvo,,Europe,3295,confirmed
Subaru,,Japan,2965,confirmed
GAC,,China,2815,confirmed
FORD,,USA,2805,confirmed
JMC,,China,2623,confirmed
Cubra,SEAT,Europe,2466,confirmed
Foton,,China,2256,confirmed
Shineray,,China,2148,confirmed
Porche,,Europe,2082,confirmed
Zemex,,China,1970,confirmed
DS,Citroen,Europe,1558,confirmed
Brilliance,,China,1256,confirmed
KYC,,China,1156,confirmed
GMC,,USA,1095,confirmed
Dongfeng,,China,1063,confirmed
Alfa Romeo,,Europe,906,confirmed
Mini Coper,,Europe,868,confirmed
Zeekr,Geely,China,723,confirmed
Kaiyi,,China,710,confirmed
ROX,,China,643,confirmed
Bestune,,China,611,confirmed
Xpeng,,China,574,confirmed
Avatr,,China,558,confirmed
Deepal,Changan,China,525,confirmed
Exeed,Chery,China,496,confirmed
Forthing,,China,484,confirmed
Joylong,,China,449,confirmed
Tesla,,USA,414,confirmed
Jaguar,,Europe,412,confirmed
Yutong,,China,401,confirmed
GWM,,China,335,confirmed
Iveco,,Europe,314,confirmed
Bentley,,Europe,284,confirmed
MAN,,Europe,273,confirmed
Skania,,China,257,confirmed
Gyushi,,Egypt,255,confirmed
Lynk &amp; Co,,China,252,confirmed
Hamco,,Korea,242,confirmed
Changhe,,China,231,confirmed
MCV,,Europe,221,confirmed
Shacman,,China,192,confirmed
Mazda,,Japan,189,confirmed
Sandstorm,,UAE,186,confirmed
Bagage,,India,184,confirmed
Denza,BYD,China,182,confirmed
TATA,,India,181,confirmed
Mazarati,,Europe,177,confirmed
VGV,,China,175,confirmed
IM,MG,China,174,confirmed
Victory,,China,169,confirmed
Dayun,,China,165,confirmed
LEVC,,Others,156,confirmed
Daewoo,,Korea,137,confirmed
GB,,China,124,confirmed
Cadillac,,USA,120,confirmed
Xiaomi,,China,116,confirmed
FAHD,,Others,111,confirmed
SANY,,China,107,confirmed
Smart,,China,105,confirmed
Lamborghini,,Europe,97,confirmed
Great Auto,,China,83,confirmed
Li Auto,,,80,needs_review
Rolls Royce,,Europe,75,confirmed
Wuling,,China,70,confirmed
Ferari,,Europe,65,confirmed
Lotus,,China,61,confirmed
BEI BEN,,China,52,confirmed
Sinotruk,,China,48,confirmed
Lexus,Toyota,Japan,45,confirmed
NETA,,China,43,confirmed
LondonCap,,Europe,39,confirmed
Aston Martin,,Europe,39,confirmed
Dodge,,USA,38,confirmed
Ecoline,,Europe,36,confirmed
Hongqi,,China,33,confirmed
Genesis,,Korea,32,confirmed
Zoyte,,China,30,confirmed
Construction,,,24,needs_review
Levan,,China,23,confirmed
FAW,,China,22,confirmed
DFM,,,22,needs_review
Voyah,,China,16,confirmed
Karry,,China,15,confirmed
HOWO,,China,14,confirmed
HINO,,Japan,13,confirmed
Zhong,,China,13,confirmed
Kastour,,China,13,confirmed
Genni,,Europe,12,confirmed
UD,,China,12,confirmed
Bieben,,China,10,confirmed
Arcfox,,,10,needs_review
Keyton,,China,9,confirmed
SWM,,China,9,confirmed
Alwahsh,,,9,needs_review
Shenlan,Changan,China,9,confirmed
AITO,,China,9,confirmed
Kinglong,,China,9,confirmed
Vedecar,,China,8,confirmed
Leapmotor,,China,7,confirmed
Chana,,China,6,confirmed
Rabdan,,Others,6,confirmed
Shenray,,China,6,confirmed
Newgonow,,China,5,confirmed
Hantang,,China,4,confirmed
Polestar,,China,4,confirmed
Scania,,Europe,4,confirmed
Maclaren,,Europe,4,confirmed
Private,,China,3,confirmed
CAT,,,3,needs_review
Dacia,,Europe,3,confirmed
Haima,,China,3,confirmed
Lincoln,,USA,3,confirmed
NIO,,China,3,confirmed
Astra,,China,3,confirmed
TGM,,China,3,confirmed
Yangwang,BYD,China,3,confirmed
Venucia,,China,3,confirmed
NASR,,,3,needs_review
ZX Auto,,China,2,confirmed
HAV,,Others,2,confirmed
Daihatsu,,Japan,2,confirmed
AGRO,,,2,needs_review
Forland,,Korea,2,confirmed
Helmarv,,China,2,confirmed
TEU,,,2,needs_review
Maxus,,China,2,confirmed
Rivian,,China,2,confirmed
International,,China,2,confirmed
Jonda,,China,2,confirmed
Morgan,,China,2,confirmed
Skyworth,,,2,needs_review
Jenhoo,,,2,needs_review
Huawei,,,2,needs_review
Kenbo,,China,1,confirmed
DOMY,,China,1,confirmed
Hawtai,,China,1,confirmed
Aldamani,,China,1,confirmed
Hycan,,China,1,confirmed
Pacton,,,1,needs_review
Infinity,,Japan,1,confirmed
CHTC,,Others,1,confirmed
ZhongTong,,China,1,confirmed
Kenworth,,Europe,1,confirmed
Komodo,,China,1,confirmed
Chrysler,,Europe,1,confirmed
Jiangsu,,China,1,confirmed
JIDU,,China,1,confirmed
CMAX,,,1,needs_review
Buick,,USA,1,confirmed
Rising,,China,1,confirmed
Sinogold,,China,1,confirmed
Ineos,,China,1,confirmed
SKY WORTH,,China,1,confirmed
Zotye,,China,1,confirmed
Omoda,Chery,,1,needs_review
HAM,,,1,needs_review
JMEV,,,1,needs_review
Fisker,,,1,needs_review
JMMC,,,1,needs_review
Landrover,,,1,needs_review
Stelato,,,1,needs_review
Omada,,,1,needs_review
