brand,car_type,volume
Isuzu,Commercial,7327
Abaza,Construction,5685
KYC,Bus,958
Brilliance,Bus,804
Kaiyi,Passenger,710
Forthing,Passenger,484
Brilliance,Passenger,452
Tesla,Passenger,414
Yutong,Bus,401
DFSK,Bus,370
Bentley,Passenger,284
DFSK,Commercial,260
Man,Commercial,245
Hamco,Commercial,242
Changhe,Passenger,230
KYC,Passenger,197
Denza,Passenger,182
Mazarati,Passenger,177
VGV,Passenger,175
Daewoo,Passenger,125
Foton,Commercial,120
Xiaomi,Passenger,116
Lamborghini,Passenger,97
Dayun,Passenger,89
Great Auto,Bus,83
Li Auto,Passenger,80
Dayun,Commercial,76
Fahd,Bus,67
Wuling,Passenger,58
Hyundai,Construction,57
BEI BEN,Commercial,52
Lexus,Passenger,45
Fahd,Commercial,44
Neta,Passenger,43
Aston Martin,Passenger,39
Ecoline,Bus,36
Hongqi,Passenger,33
Genesis,Passenger,32
Zoyte,Passenger,30
Isuzu,Passenger,30
Man,Bus,28
Construction,Construction,24
DFM,Construction,22
Karry,Bus,15
HOWO,Commercial,14
Faw,Bus,13
Mitsubishi,Construction,13
Hino,Commercial,13
Zhong,Bus,13
Kastour,Commercial,13
Daewoo,Bus,12
Genni,Bus,12
Levan,Bus,12
Wuling,Bus,12
Levan,Passenger,11
Bieben,Commercial,10
Arcfox,Passenger,10
SWM,Passenger,9
Alwahsh,Construction,9
Shenlan,Passenger,9
Faw,Commercial,8
Vedecar,Commercial,8
Leapmotor,Passenger,7
Undefined,Construction,7
Chana,Passenger,6
Renault,Construction,6
Rabdan,Passenger,6
Keyton,Passenger,5
Newgonow,Bus,5
Hantang,Passenger,4
Keyton,Bus,4
Polestar,Passenger,4
Maclaren,Passenger,4
Others,Passenger,3
Private,Passenger,3
CAT,Construction,3
Dacia,Passenger,3
Haima,Passenger,3
Lincoln,Passenger,3
Nio,Passenger,3
Astra,Commercial,3
TGM,Commercial,3
Yangwang,Passenger,3
BYD,Commercial,3
Nasr,Bus,3
ZX Auto,Commercial,2
Hav,Bus,2
Daihatsu,Passenger,2
Other,Passenger,2
Agro,Construction,2
Forland,Commercial,2
Helmarv,Passenger,2
Teu,Construction,2
Sany,Construction,2
Rivian,Passenger,2
International,Commercial,2
Jonda,Commercial,2
Morgan,Passenger,2
Skyworth,Passenger,2
Jenhoo,Bus,2
Huawei,Passenger,2
Kenbo,Passenger,1
Domy,Passenger,1
Changhe,Bus,1
Hawtai,Passenger,1
Aldamani,Passenger,1
Hycan,Passenger,1
Pacton,Construction,1
Fiat,Construction,1
CHTC,Bus,1
ZhongTong,Bus,1
Kenworth,Commercial,1
Faw,Passenger,1
Komodo,Passenger,1
Jiangsu,Passenger,1
JIDU,Passenger,1
Buick,Passenger,1
Rising,Passenger,1
Sinogold,Passenger,1
Ineos,Passenger,1
SKY WORTH,Passenger,1
Zotye,Passenger,1
KYC,Commercial,1
Omoda,Passenger,1
JMEV,Passenger,1
Fisker,Passenger,1
JMMC,Bus,1
Landrover,Passenger,1
Stelato,Passenger,1
Omada,Passenger,1
