kind,norm_key,target,volume,status,alternatives
governorate,القاهره,Cairo,434819,confirmed,
governorate,الجيزه,Giza,200375,confirmed,
governorate,الاسكندريه,Alexandria,85951,confirmed,
traffic_unit,وحدهمرورالقاهرهالجديده,New Cairo,68516,confirmed,
traffic_unit,وحدهمرورمدينهنصر,Nasr City,54623,confirmed,
governorate,الشرقيه,Sharkia,41933,confirmed,
governorate,القليوبيه,Qalioub,41556,confirmed,
governorate,الدقهليه,Dakahlia,38854,confirmed,
traffic_unit,وحدهمرور6اكتوبر,6 October Unit,37203,needs_review,"{""6 October Unit"": 37187, ""Electronic"": 16}"
governorate,الغربيه,Gharbia,34135,confirmed,
traffic_unit,وحدهمرورالنزهه,Nozha,31006,confirmed,
traffic_unit,وحدهمرورحدايقالاهرام,Hadayek Ahram,30425,confirmed,
traffic_unit,وحدهمرورابيس,Ebes,30396,confirmed,
traffic_unit,وحدهمرورالشروق,Sherok,26792,confirmed,
governorate,البحيره,Behira,25152,confirmed,
traffic_unit,وحدهمرورالشيخزايد,Sheikh Zayed,25149,needs_review,"{""Sheikh Zayed"": 24950, ""Electronic"": 199}"
traffic_unit,وحدهمرورالدقي,Dokki,25066,needs_review,"{""Dokki"": 24669, ""Electronic"": 397}"
governorate,المنوفيه,Monofia,23857,confirmed,
traffic_unit,وحدهمرورالاميريه,Amerya,22744,confirmed,
traffic_unit,وحدهمرورالقطاميه,Kattamya,22610,confirmed,
traffic_unit,وحدهمصرالجديده,Heliopolis,21204,confirmed,
traffic_unit,وحدهمرورالجزيره,Gezira,20086,confirmed,
traffic_unit,وحدهمرورالمنصوره,Mansoura,18224,confirmed,
traffic_unit,وحدهمرورالمعادي,Maadi,17586,confirmed,
traffic_unit,وحدهمرورالعجوزه,Agouza,17019,needs_review,"{""Agouza"": 16678, ""Electronic"": 341}"
traffic_unit,وحدهمرورفيصل,Faisal,15692,confirmed,
governorate,دمياط,Damietta,15662,confirmed,
traffic_unit,وحدهمرورشبرا,Shobra,15608,confirmed,
traffic_unit,وحدهالقواتالمسلحه,Military,15125,confirmed,
traffic_unit,وحدهمرورالمنتزه,Montaza,14883,confirmed,
traffic_unit,وحدهمرورالحوامديه,Hawamdya,14789,needs_review,"{""Hawamdya"": 14482, ""Electronic"": 307}"
governorate,كفرالشيخ,Kafr El Sheikh,14678,confirmed,
governorate,البحرالاحمر,Red Sea,14664,confirmed,
traffic_unit,وحدهمرورمحرمبك,Moharam Beh,14454,confirmed,
traffic_unit,وحدهمرورالبساتين,Basateen,14441,confirmed,
traffic_unit,وحدهمروربرجالعرب,Borg Arab,14093,confirmed,
governorate,الاسماعيليه,Ismalia,13885,confirmed,
traffic_unit,وحدهمرورالمقطم,Mokkatam,13454,confirmed,
governorate,المنيا,Minia,13050,confirmed,
traffic_unit,وحدهمرورحلوان,Helwan,12192,confirmed,
traffic_unit,وحدهمرورطنطا,Tanta,11955,confirmed,
traffic_unit,وحدهمرورالغردقه,Hurghada,11415,confirmed,
governorate,سوهاج,Sohag,11209,confirmed,
governorate,السويس,Suez,11189,confirmed,
governorate,بورسعيد,Port Said,11184,confirmed,
traffic_unit,وحدهمرورالسويس,Suez,11173,confirmed,
traffic_unit,وحدهمرورالعبور,Obor,10836,confirmed,
governorate,اسيوط,Assiut,10760,confirmed,
traffic_unit,وحدهمرورالعاشر,Asher,10678,confirmed,
traffic_unit,وحدهمرورالسلام,Al Salam,10395,confirmed,
traffic_unit,وحدهعينالصيره,Ain Sera,10107,confirmed,
governorate,بنيسويف,Bani Suef,9598,confirmed,
traffic_unit,وحدهمرورالاسماعيليه,Ismalia,9585,confirmed,
traffic_unit,وحدهمرورالزقازيق,Zaqaziq,9430,confirmed,
traffic_unit,وحدهمرورالعتبه,Ateba,9344,confirmed,
governorate,الفيوم,Fayoum,9190,confirmed,
traffic_unit,وحدهمرورحدايقاكتوبر,Hadayek October,8853,confirmed,
traffic_unit,وحدهخدماتالشرطه,Police,8019,confirmed,
governorate,قنا,Qena,7796,confirmed,
traffic_unit,وحدهدمياطالجديده,New Damietta,7603,confirmed,
traffic_unit,وحدهمرورالعجمي,Agami,7465,confirmed,
traffic_unit,وحدهمرورحدايقالقبه,Hadayek Obba,7419,confirmed,
traffic_unit,وحدهمرورعربالعليقات,Arab Akiliat,7413,confirmed,
traffic_unit,وحدهمرورالمحلهالكبري,Mahala Kobra,7337,confirmed,
traffic_unit,وحدهمرورالتبين,Teben,7091,confirmed,
governorate,الاقصر,Luxor,6949,confirmed,
traffic_unit,وحدهمرورشبينالكوم,Sheben Kom,6789,confirmed,
traffic_unit,وحدهمرورالوايلي,Wayli,6639,confirmed,
traffic_unit,وحدهمرورالملاكيببورسعيد,Portsaied,6356,confirmed,
traffic_unit,وحدهمرورشبراالخيمه,Shobra Al Khema,6159,confirmed,
traffic_unit,وحدهمروربنها,Banha,6042,confirmed,
governorate,اسوان,Aswan,5688,confirmed,
traffic_unit,وحدهمروربرقاش,Berkash,5674,confirmed,
traffic_unit,وحدهمروردمياط,Damietta,5549,confirmed,
traffic_unit,وحدهمروربولاق,Bolak,5419,confirmed,
traffic_unit,وحدهمروركفرالشيخ,Kafr Sheikh,5264,confirmed,
traffic_unit,وحدهمرورالاقصر,Luxor,5073,confirmed,
traffic_unit,وحدهمروربنيسويف,Bani Suef,4796,confirmed,
traffic_unit,وحدهمرورالوراق,Warrak,4781,needs_review,"{""Warrak"": 4731, ""Electronic"": 50}"
governorate,جنوبسيناء,South Sinai,4388,confirmed,
traffic_unit,وحدهمروردمنهور,Damnhour,4387,confirmed,
traffic_unit,وحدهمرورالسادات,Sadat,4317,confirmed,
traffic_unit,وحدهمرورامبابه,Embaba,4108,confirmed,
traffic_unit,وحدهمرورقنا,Qana,4102,confirmed,
traffic_unit,وحدهمرورسوهاج,Sohag,4046,needs_review,"{""Sohag"": 4037, ""Electronic"": 9}"
governorate,مرسيمطروح,Marsa Matrouh,3993,confirmed,
traffic_unit,وحدهمرورالفيوم,Fayoum,3884,needs_review,"{""Fayoum"": 3874, ""Electronic"": 10}"
traffic_unit,وحدهمروركفرالزيات,Kafr Zayat,3883,confirmed,
traffic_unit,وحدهمرورمنشاهناصر,Mansheyet Naser,3744,confirmed,
traffic_unit,وحدهمروراوسيم,Awseem,3637,needs_review,"{""Awseem"": 3579, ""Electronic"": 58}"
traffic_unit,وحدهمروربلبيس,Belbees,3617,confirmed,
traffic_unit,وحدهمرورقويسنا,Qewesna,3599,confirmed,
traffic_unit,وحدهمرورفاقوس,Fa2oos,3588,confirmed,
traffic_unit,وحدهمرورالحامول,Hamol,3366,confirmed,
traffic_unit,وحدهمروردكرنس,Dkrns,3355,confirmed,
traffic_unit,وحدهمرورنكلا,Nakla,3221,confirmed,
governorate,شمالسيناء,North Sinai,3217,confirmed,
traffic_unit,وحدهمرورميتغمر,Meet Ghamr,3210,confirmed,
traffic_unit,وحدهمروراسوان,Aswan,3205,confirmed,
traffic_unit,وحدهمرورالسنبلاوين,Senblawen,3101,confirmed,
traffic_unit,وحدهمرورطوخ,Tookh,3095,confirmed,
traffic_unit,وحدهمرورالنقلالعام,General Transportation,3031,confirmed,
traffic_unit,وحدهمرورمنياالقمح,Menya Kamh,3027,confirmed,
traffic_unit,وحدهمرورالمنياملاكي,Minya,3007,confirmed,
traffic_unit,وحدهمرورابوالمطامير,Abo Al Matameer,2959,confirmed,
traffic_unit,وحدهمروربلقاس,Blkas,2857,confirmed,
traffic_unit,وحدهمرورالقطاعالعام,Ketaa Aam,2835,confirmed,
traffic_unit,وحدهمرورديربنجم,Derb Negb,2821,needs_review,"{""Derb Negb"": 2764, ""Electronic"": 57}"
traffic_unit,وحدهمرورمرسيمطروح,Marsa Matroh,2801,confirmed,
traffic_unit,وحدهمروركومحماده,Kom Hamada,2800,confirmed,
traffic_unit,وحدهمرورق.مالهرم,Haram,2762,confirmed,
traffic_unit,وحدهمرورابوحماد,Abo Hamad,2702,confirmed,
traffic_unit,وحدهمروركفرالدوار,Kafr Dawar,2665,confirmed,
traffic_unit,وحدهمرورالدلنجات,Dalngat,2600,confirmed,
traffic_unit,وحدهمروربورسعيد,Portsaid,2544,confirmed,
traffic_unit,وحدهمروراجا,Aga,2540,confirmed,
traffic_unit,وحدهمروراسيوطالجديده,New Assiut,2503,needs_review,"{""New Assiut"": 2480, ""Electronic"": 23}"
traffic_unit,وحدهمرورفارسكور,Farkos,2495,confirmed,
traffic_unit,وحدهمروراسيوط,Assiut,2492,needs_review,"{""Assiut"": 2478, ""Electronic"": 14}"
traffic_unit,وحدهمرورجرجا,Gerga,2472,confirmed,
traffic_unit,وحدهمرورايتايالبارود,Etay Al Barood,2440,confirmed,
traffic_unit,وحدهمروراشمون,Ashmon,2437,confirmed,
traffic_unit,وحدهمرورزفتي,Zefta,2425,confirmed,
traffic_unit,وحدهمرورالكوثر,Kawthar,2416,confirmed,
traffic_unit,وحدهمرورنجعحمادي,Nagaa Hamady,2413,confirmed,
traffic_unit,وحدهمرورالخانكه,Khanka,2405,confirmed,
traffic_unit,وحدهمرورالقوصيه,Kosya,2339,confirmed,
traffic_unit,وحدهمرورقليوب,Qaliob,2278,confirmed,
traffic_unit,وحدهمرورالسنطه,Al Santa,2207,confirmed,
traffic_unit,وحدهمرورجمصه,Gamasa,2173,confirmed,
traffic_unit,وحدهمرورالنقلبالفيوم,Nakl Fayoum,2165,needs_review,"{""Nakl Fayoum"": 2106, ""Electronic"": 59}"
traffic_unit,وحدهمرورناديالقضاه,Nadi El Kodah,2136,confirmed,
traffic_unit,وحدهمروربسيون,Basion,2105,confirmed,
traffic_unit,وحدهمرورسمنود,Samnood,2075,confirmed,
traffic_unit,وحدهمرورمنوف,Mnoof,2044,confirmed,
traffic_unit,وحدهمرورالصف,Saff,1996,confirmed,
traffic_unit,وحدهمروربورفواد,PortFoad,1982,confirmed,
traffic_unit,وحدهمروربنيمزار,Bani Mazar,1971,confirmed,
traffic_unit,وحدهق.ممصطفيكامل,Military,1952,confirmed,
traffic_unit,وحدهمرورسمالوط,Smalot,1877,confirmed,
governorate,الواديالجديد,New Wadi,1852,confirmed,
traffic_unit,وحدهمرورالقناطرالخيريه,Kanater Khayrya,1845,confirmed,
traffic_unit,الجههالامنيه1,Governmental,1843,confirmed,
traffic_unit,وحدهمروردسوق,Desok,1788,needs_review,"{""Desok"": 1775, ""Electronic"": 13}"
traffic_unit,وحدهمرورسيديسالم,Sedy Salem,1785,needs_review,"{""Sedy Salem"": 1766, ""Electronic"": 19}"
traffic_unit,وحدهمرورابوتيج,Abo Teng,1782,confirmed,
traffic_unit,وحدهمرورالمنيا,Minya,1743,confirmed,
traffic_unit,وحدهمرورالباجور,Bagor,1662,confirmed,
traffic_unit,وحدهمرورشربين,Sherben,1660,confirmed,
traffic_unit,وحدهمرورمديريهالامن,Police,1625,confirmed,
traffic_unit,وحدهمرورالحسينيه,Hussenya,1624,confirmed,
traffic_unit,وحدهمروربدر,Badr,1608,confirmed,
traffic_unit,وحدهمرورابوكبير,Abo Keer,1594,confirmed,
traffic_unit,وحدهمرورشرمالشيخ,Sharm Sheikh,1591,confirmed,
traffic_unit,وحدهمرورطهطا,Tahta,1587,confirmed,
traffic_unit,وحدهمرورالعريش,Aresh,1578,confirmed,
traffic_unit,وحدهمروربركهالسبع,Berket El Saba,1572,confirmed,
traffic_unit,وحدهمرورالمنزله,Manzala,1567,confirmed,
traffic_unit,وحدهمرورشبينالقناطر,Sheben Kanater,1483,confirmed,
traffic_unit,وحدهمرورقطور,Katoor,1405,confirmed,
traffic_unit,وحدهمروررشيد,Rashed,1357,confirmed,
traffic_unit,وحدهمرورببا,Yba,1305,confirmed,
traffic_unit,وحدهمرورقفط,Keft,1281,confirmed,
traffic_unit,وحدهمرورالتلالكبير,Tal Kebeer,1269,confirmed,
traffic_unit,وحدهمروركفرصقر,Kafr Sakr,1268,confirmed,
traffic_unit,وحدهمرورالشهداء,Shohadaa,1211,confirmed,
traffic_unit,وحدهمرورابوحمص,Abo Hams,1185,confirmed,
traffic_unit,وحدهمرورالنقلببياضالعرب,Nakl Arab,1166,confirmed,
traffic_unit,وحدهمرورالحمام,Hamam,1148,confirmed,
traffic_unit,وحدهمرورابوقرقاص,Abo Karkas,1140,confirmed,
traffic_unit,وحدهمرورالواسطي,Wasty,1140,confirmed,
traffic_unit,وحدهمرورادفو,Edfo,1130,confirmed,
traffic_unit,وحدهمرورالقنطرهغرب,Kantara Gharb,1103,confirmed,
traffic_unit,وحدهمرورالقباري,Kabari,1079,confirmed,
traffic_unit,وحدهمرورمغاغه,Maghagha,1056,confirmed,
traffic_unit,وحدهمرورالبرالغربي,Bar Gharby,1014,confirmed,
traffic_unit,وحدهمرورواديالنطرون,Wadi Natron,998,confirmed,
traffic_unit,وحدهمرورفوه,Fowa,987,confirmed,
traffic_unit,وحدهمرورملوي,Mloy,985,confirmed,
traffic_unit,وحدهمرورابشواي,Abshway,965,needs_review,"{""Abshway"": 956, ""Electronic"": 9}"
traffic_unit,وحدهمرورههيا,Hehya,955,confirmed,
traffic_unit,وحدهمروراطسا,Atsa,951,needs_review,"{""Atsa"": 936, ""Electronic"": 15}"
traffic_unit,وحدهمرورالداخله,Dakhla,917,confirmed,
traffic_unit,وحدهمرورجامعهاسيوط,Gam3et Assiut,916,confirmed,
traffic_unit,وحدهمرورسفاجا,Safaga,911,confirmed,
traffic_unit,وحدهمرورالمحموديه,Mohamdya,871,confirmed,
traffic_unit,وحدهمروراسنا,Asna,862,confirmed,
traffic_unit,وحدهمرورمرسيعلم,Marsa Alam,828,confirmed,
traffic_unit,وحدهمرورفايد,Fayed,810,confirmed,
traffic_unit,مجلسالدوله,Magles Dawla,778,confirmed,
traffic_unit,وحدهمرورالطور,Toor,763,confirmed,
traffic_unit,وحدهمرورراسغارب,Ras Ghareb,759,confirmed,
traffic_unit,وحدهمرورابوصويرالجديده,Ano Sower,758,confirmed,
traffic_unit,وحدهمرورنخل,Nakhl,745,confirmed,
traffic_unit,وحدهمرورالقصير,Qussier,744,confirmed,
traffic_unit,وحدهمرورناديالقضاه-طنطا,Tanta,743,confirmed,
traffic_unit,وحدهمرورمنفلوط,Manflot,728,confirmed,
traffic_unit,وحدهمرورسنورس,Snoras,726,needs_review,"{""Snoras"": 707, ""Electronic"": 19}"
traffic_unit,وحدهمرورراسسدر,Ras Sedr,714,confirmed,
traffic_unit,وحدهمرورالخارجه,Kharga,683,confirmed,
traffic_unit,وحدهمرورشبراخيت,Shobra Khet,677,confirmed,
traffic_unit,وحدهمروراولادصقر,Awlad Sakr,629,confirmed,
traffic_unit,وحدهمروركومامبو,Kom Ambo,627,confirmed,
traffic_unit,وحدهمروراهناسيا,Ahnasya,624,confirmed,
traffic_unit,وحدهمرورديرمواس,Der Mwas,613,confirmed,
traffic_unit,وحدهمرورادكو,Edko,605,confirmed,
traffic_unit,وحدهمرورالعدوه,Adawa,579,confirmed,
traffic_unit,وحدهمروربلطيم,Balteem,567,needs_review,"{""Balteem"": 509, ""Baltem"": 58}"
traffic_unit,وحدهمرورقلين,Klen,529,confirmed,
traffic_unit,وحدهمروررفح,Rafah,525,confirmed,
traffic_unit,وحدهمرورطاميه,Tamya,499,needs_review,"{""Tamya"": 484, ""Electronic"": 15}"
traffic_unit,وحدهمرورجهينه,Juhaina,475,needs_review,"{""Juhaina"": 452, ""Johayna"": 23}"
traffic_unit,وحدهمرورابورديس,Abo Redes,468,confirmed,
traffic_unit,وحدهمرورنويبع,Newebaa,398,confirmed,
traffic_unit,وحدهمرورالرياض,Ryad,392,confirmed,
traffic_unit,وحدهمروربيرالعبد,Ber El Abd,369,confirmed,
traffic_unit,وحدهمروردراو,Draw,367,confirmed,
traffic_unit,وحدهمرورالقنطرهشرق,Kantara Shark,360,confirmed,
traffic_unit,وحدهمرورنصرالنوبه,Nasr Al Noba,359,confirmed,
traffic_unit,وحدهمروردهب,Dahab,355,confirmed,
traffic_unit,وحدهمرورالملاكي,Malaki,301,confirmed,
traffic_unit,وحدهمرورسمسطا,Samsata,294,confirmed,
traffic_unit,وحدهمرورالفشن,Feshen,254,confirmed,
traffic_unit,302,302,226,confirmed,
traffic_unit,وحدهمرورطما,Tama,213,confirmed,
traffic_unit,وحدهمرورالفرافره,Farfra,209,confirmed,
traffic_unit,305,305,98,confirmed,
traffic_unit,300,300,95,confirmed,
traffic_unit,وحدهمرورالمنيا.م,Minya,79,confirmed,
traffic_unit,303,303,69,confirmed,
traffic_unit,وحدهمرورسيوه,Sewa,44,confirmed,
traffic_unit,وحدهمرورباريس,Paris,43,confirmed,
traffic_unit,منفذجماركالقاهره-تسيير,Gomrok,32,confirmed,
traffic_unit,301,301,19,confirmed,
traffic_unit,منفذميناءالسويس,Suez Harbor,16,confirmed,
traffic_unit,وحدهمرورميناءدمياطالبحري,Damietta,15,confirmed,
traffic_unit,منفذميناءسفاجا,Safaga Harbor,7,needs_review,"{""Safaga Harbor"": 5, ""Safaga"": 2}"
traffic_unit,منفذميناءالاسكندريه,Alexandria Harbor,4,confirmed,
traffic_unit,منفذميناءنويبع,Neuba Harbor,4,confirmed,
traffic_unit,منفذمرورموانيبورسعيد,Portsaid Harbor,1,confirmed,
