name,region,volume
Cairo,Cairo,434819
Giza,Giza,200375
Alexandria,Alexandria,85951
Sharkia,Delta,41933
Qalioub,Delta,41556
Dakahlia,Delta,38854
Gharbia,Delta,34135
Behira,Delta,25152
Monofia,Delta,23857
Damietta,Delta,15662
Kafr El Sheikh,Delta,14678
Red Sea,Red Sea,14664
Ismalia,Canal,13885
Minia,Upper Egypt,13050
Sohag,Upper Egypt,11209
Suez,Canal,11189
Port Said,Canal,11184
Assiut,Upper Egypt,10760
Bani Suef,Upper Egypt,9598
Fayoum,Giza,9190
Qena,Upper Egypt,7796
Luxor,Upper Egypt,6949
Aswan,Upper Egypt,5688
South Sinai,Sinai,4388
Marsa Matrouh,Alexandria,3993
North Sinai,Sinai,3217
New Wadi,Upper Egypt,1852
Special,Special,36838
