kind,brand_key,model_key
brand,alicanto,
brand,aprilia,
brand,bajaj,
brand,benda,
brand,benelli,
brand,bgb,
brand,canam,
brand,cancam,
brand,cfmoto,
brand,chromel150cc,
brand,cmg,
brand,darkhorse,
brand,ducati,
brand,egycycle,
brand,fb,
brand,gazelle,
brand,gh,
brand,glide,
brand,goldhofer,
brand,halawa,
brand,halwa,
brand,haojiang,
brand,haojin,
brand,haojue,
brand,harleydavidsion,
brand,hawa,
brand,hawa150,
brand,hunda,
brand,husqvarna,
brand,jereell,
brand,jts,
brand,kato,
brand,kawasaki,
brand,kawazaki,
brand,keeway,
brand,kiden,
brand,king200,
brand,kymco,
brand,lescor,
brand,litianpai,
brand,luyuan,
brand,mashroey,
brand,mashroeyking200,
brand,motomorini,
brand,msax,
brand,paullman,
brand,piaggio,
brand,pluto,
brand,pmn,
brand,pne,
brand,polaris,
brand,pullman,
brand,qjmoto,
brand,rocket,
brand,rockms,
brand,segawy,
brand,segway,
brand,sharmax,
brand,shatv,
brand,sihao,
brand,sonlink,
brand,sonlinkrocket,
brand,spyder,
brand,srm,
brand,starhlx,
brand,superkeet,
brand,supermoto,
brand,supersoco,
brand,sym,
brand,tao,
brand,taomoto,
brand,taro,
brand,tm,
brand,tvsهندي110,
brand,victoriasixties,
brand,vigorey,
brand,volkan,
brand,wingpullman,
brand,wuyang,
brand,xdao,
brand,xinling,
brand,yamaha,
brand,yasong,
brand,yongzhengdlyl,
brand,yuanx,
brand,zna,
brand,znen,
brand,zogmar,
brand,zontes,
brand,ztr,
brand,انديان,
brand,ايتروسيكل,
brand,باتشباجي,
brand,بايت,
brand,بوكسر,
brand,بياجو,
brand,بيادجو,
brand,بيتشباجي,
brand,تريسيكل,
brand,جاوا,
brand,حلاوه,
brand,حوا,
brand,حواكنج,
brand,داري,
brand,دايوان,
brand,دباب,
brand,دلتا,
brand,دلتاروك,
brand,دوكاتي,
brand,ديسكفرcc125,
brand,سكوتر,
brand,سوبرحلاوه,
brand,شونجكنج,
brand,فسبا,
brand,فويانج,
brand,كانام,
brand,كاوازاكي,
brand,كواز,
brand,كوازاكي,
brand,كوزاكي,
brand,كينبو,
brand,كيواي,
brand,لينهاي,
brand,ماكسيما,
brand,مشروعي,
brand,موتوسيكل,
brand,مينيكار,
brand,نيترو,
brand,هارلي,
brand,هاوجيانج,
brand,هاوينيج,
brand,هواجلنج,
brand,هوجان,
brand,هوجين,
brand,هوجينج,
brand,هيوندا,
brand,ويانج,
brand,ويانجهوندا,
brand,ياماها,
brand_model,atoz,(blank)
brand_model,atv,stc
brand_model,dayun,dy200
brand_model,energica,eva
brand_model,gmc,hawa
brand_model,hamco,epg25
brand_model,hamco,etd80
brand_model,haobon,(blank)
brand_model,haobon,gn150
brand_model,howo,336
brand_model,indian,chiefdarkhorse
brand_model,indian,ftrx
brand_model,indian,scoutbobber
brand_model,indian,scoutsixty
brand_model,indian,superchief
brand_model,jinbei,jinbei
brand_model,jl,125t16e
brand_model,ktm,1290superadventures
brand_model,ktm,1290superdukerevo
brand_model,ktm,1390superdukerevo
brand_model,ktm,390adventure
brand_model,ktm,450excf
brand_model,ktm,450xcf
brand_model,ktm,890adventurer
brand_model,ktm,excf350
brand_model,ktm,ktm
brand_model,ktm,sxf450
brand_model,lifan,lf150t8g
brand_model,linhai,150
brand_model,linhai,300d
brand_model,linhai,atv150
brand_model,linhai,atv300d
brand_model,linhai,utv200
brand_model,lml,(blank)
brand_model,loncin,110cc39a
brand_model,loncin,150cc40a
brand_model,loncin,150cc77
brand_model,loncin,250atv
brand_model,loncin,250au2
brand_model,loncin,3a
brand_model,loncin,40a
brand_model,loncin,b22
brand_model,loncin,cg150
brand_model,loncin,joy
brand_model,loncin,lx150
brand_model,loncin,super
brand_model,rockstar,egosamid200
brand_model,rockstar,egosforce200
brand_model,rockstar,egoskelly
brand_model,rockstar,nsm
brand_model,taotao,hornet200
brand_model,taotao,taotao
brand_model,triumph,bonnevillebobber
brand_model,tvs,apachertr
brand_model,tvs,apachertr160
brand_model,tvs,apachertr200
brand_model,tvs,hlx15ds
brand_model,tvs,king200
brand_model,tvs,ronin225
brand_model,tvs,starhlx100
brand_model,tvs,starhlx150
brand_model,tvs,wegot10
brand_model,tvsstar,(blank)
brand_model,vanderhall,carmelgts
brand_model,vanderhall,venicegt
brand_model,victoria,(blank)
brand_model,victory,cross
brand_model,zahi,150
brand_model,باجاج,135
brand_model,باجاج,150
brand_model,باجاج,180
brand_model,باجاج,cc180
brand_model,باجاج,exhaustec
brand_model,باجاج,pulsar
brand_model,باجاج,zzscg
brand_model,باجاج,بلاتينا
brand_model,باجاج,بلسرc180
brand_model,باجاج,بوكسر150
brand_model,باجاج,ديسكفر
brand_model,باجاج,ميكسماكارجو
brand_model,بجاج,135
brand_model,بجاج,150
brand_model,بجاج,ct100
brand_model,بجاج,maximacargo
brand_model,بجاج,md2a25by
brand_model,بجاج,xcd
brand_model,بجاج,بالسر150
brand_model,بجاج,بالسر180
brand_model,بجاج,بالسر200
brand_model,بجاج,بببب
brand_model,بجاج,بلاتينا
brand_model,بجاج,بلسرc180
brand_model,بجاج,بوكر
brand_model,بجاج,بوكسر
brand_model,بجاج,ديسكفر125
brand_model,بجاج,هندي
brand_model,بوكس,(blank)
brand_model,بولاريس,rzr
brand_model,بولاريس,slingshotr
brand_model,بولاريس,slingshots
brand_model,بولاريس,slingshotslr
brand_model,بيامدبليو,1250gs
brand_model,بيامدبليو,13
brand_model,بيامدبليو,c400x
brand_model,بيامدبليو,c650
brand_model,بيامدبليو,f900r
brand_model,بيامدبليو,g310
brand_model,بيامدبليو,gs
brand_model,بيامدبليو,k1300
brand_model,بيامدبليو,k1600
brand_model,بيامدبليو,k1600b
brand_model,بيامدبليو,k1600gtl
brand_model,بيامدبليو,k1600gtle
brand_model,بيامدبليو,m1000rr
brand_model,بيامدبليو,m1000xr
brand_model,بيامدبليو,r
brand_model,بيامدبليو,r12
brand_model,بيامدبليو,r1200
brand_model,بيامدبليو,r1250
brand_model,بيامدبليو,r1250gs
brand_model,بيامدبليو,r1300
brand_model,بيامدبليو,r1300gs
brand_model,بيامدبليو,r1300gsa
brand_model,بيامدبليو,r18
brand_model,بيامدبليو,rninet
brand_model,بيامدبليو,s1000
brand_model,بيامدبليو,s1000r
brand_model,بيامدبليو,s1000rr
brand_model,بيامدبليو,s1000xr
brand_model,بيجو,geopolis
brand_model,بيجو,jetgtech
brand_model,بيجو,tweet150
brand_model,بيجو,viva9125
brand_model,بيجو,xp400gt
brand_model,تيجر,200
brand_model,جاك,maxxer
brand_model,جنبي,x30
brand_model,جينبيs35,(blank)
brand_model,دايون,150
brand_model,دايون,162fmj
brand_model,دايون,200
brand_model,دايون,250
brand_model,دايون,dy10
brand_model,دايون,dy11
brand_model,دايون,dy150
brand_model,دايون,dy300
brand_model,دايون,dy4
brand_model,دايون,dy40
brand_model,دايون,dy6
brand_model,ديانج,200
brand_model,ديانج,zh5
brand_model,ستروين,cv2
brand_model,ستروين,xr250
brand_model,سوزوكي,1000
brand_model,سوزوكي,200
brand_model,سوزوكي,bking
brand_model,سوزوكي,boulevard
brand_model,سوزوكي,burgman
brand_model,سوزوكي,ca5da2
brand_model,سوزوكي,cfal
brand_model,سوزوكي,cp5za
brand_model,سوزوكي,drz400
brand_model,سوزوكي,gs5
brand_model,سوزوكي,gsx
brand_model,سوزوكي,gsx1300
brand_model,سوزوكي,gsx1300r
brand_model,سوزوكي,gsx1300rahayabusa
brand_model,سوزوكي,gsxr
brand_model,سوزوكي,gsxr1000
brand_model,سوزوكي,gsxr1000gt
brand_model,سوزوكي,gsxrecstar
brand_model,سوزوكي,gxer
brand_model,سوزوكي,hayabusa
brand_model,سوزوكي,hayabusagen3
brand_model,سوزوكي,jsxr
brand_model,سوزوكي,k125
brand_model,سوزوكي,lets4
brand_model,سوزوكي,ltf250
brand_model,سوزوكي,m109r
brand_model,سوزوكي,m190r
brand_model,سوزوكي,qingqi
brand_model,سوزوكي,r750
brand_model,سوزوكي,sa
brand_model,سوزوكي,sk1000
brand_model,سوزوكي,skywave
brand_model,سوزوكي,skywave650
brand_model,سوزوكي,sv
brand_model,سوزوكي,sv650
brand_model,سوزوكي,sx4
brand_model,سوزوكي,vl800m3
brand_model,سوزوكي,vstorm
brand_model,سوزوكي,vzr
brand_model,سوزوكي,xa413
brand_model,سوزوكي,zit
brand_model,سوزوكي,اجنس
brand_model,سوزوكي,افينيس
brand_model,سوزوكي,برجمان
brand_model,سوزوكي,برجمان650
brand_model,سوزوكي,بندت
brand_model,سوزوكي,بوليفارد
brand_model,سوزوكي,سوزوكي
brand_model,سوزوكي,فسبا
brand_model,فيسبا,150
brand_model,فيسبا,200
brand_model,فيسبا,gts
brand_model,فيسبا,lml
brand_model,فيسبا,racingsixties
brand_model,فيسبا,wego
brand_model,فيسبا,xpress
brand_model,كيمكو,super8125
brand_model,كيمكو,xciting
brand_model,هامرز,ha150
brand_model,هنكو,هنكو65
brand_model,هوندا,1000rr
brand_model,هوندا,1100
brand_model,هوندا,150cc
brand_model,هوندا,160
brand_model,هوندا,250
brand_model,هوندا,750
brand_model,هوندا,7gx
brand_model,هوندا,adv
brand_model,هوندا,africatwin
brand_model,هوندا,atv
brand_model,هوندا,awdcrv
brand_model,هوندا,cb
brand_model,هوندا,cb600
brand_model,هوندا,cb650f
brand_model,هوندا,cb650r
brand_model,هوندا,cbr
brand_model,هوندا,cbr1000rrrsp
brand_model,هوندا,cbr500r
brand_model,هوندا,cbr600
brand_model,هوندا,cbr600f
brand_model,هوندا,cc250
brand_model,هوندا,citysport
brand_model,هوندا,cr300l
brand_model,هوندا,cr7
brand_model,هوندا,crf
brand_model,هوندا,crf450
brand_model,هوندا,enp2
brand_model,هوندا,fjs600
brand_model,هوندا,fmx
brand_model,هوندا,forza
brand_model,هوندا,gl1800
brand_model,هوندا,goldwinggl1800
brand_model,هوندا,hornet
brand_model,هوندا,monkey
brand_model,هوندا,nc
brand_model,هوندا,nc750x
brand_model,هوندا,nt
brand_model,هوندا,pcx
brand_model,هوندا,rancher
brand_model,هوندا,rebel1100
brand_model,هوندا,recon
brand_model,هوندا,rh1621
brand_model,هوندا,rubicon
brand_model,هوندا,sted
brand_model,هوندا,transalp
brand_model,هوندا,trx
brand_model,هوندا,trx250
brand_model,هوندا,trx250tm
brand_model,هوندا,trx400
brand_model,هوندا,trx420
brand_model,هوندا,trx520
brand_model,هوندا,vtx
brand_model,هوندا,vtx1300r
brand_model,هوندا,xa750d
brand_model,هوندا,xadv
brand_model,هوندا,xatv
brand_model,هوندا,xr250
brand_model,هوندا,تورينج
brand_model,هوندا,جولدونج
brand_model,هوندا,جولدوينج
brand_model,هوندا,ديو
brand_model,هوندا,ريبيل
brand_model,هوندا,ستريتفايتر
brand_model,هوندا,شادو
brand_model,هوندا,فلاديرو
brand_model,هوندا,مونكيزد
brand_model,هوندا,هوندا
