brand,model,segment,note
Alfa Romeo,Tonale,Compact SUV,
Audi,Q3,Compact SUV,
BMW,X1,Compact SUV,"4,500mm — same bucket as its direct rival Audi Q3"
BMW,X2,Compact SUV,
Baic,X55,Compact SUV,
Bestune,T55,Compact SUV,
Changan,CS55,Compact SUV,
Changan,CS55 Plus,Compact SUV,
Changan,UNI-T,Compact SUV,
Chery,Tiggo7,Compact SUV,
Chery,Tiggo7 Pro,Compact SUV,
Citroen,C5,Compact SUV,
Cubra,Formentor,Compact SUV,
Cubra,Terramar,Compact SUV,
DS,DS7,Compact SUV,
Deepal,S05,Compact SUV,
Forthing,T5 Evo,Compact SUV,
GAC,EMKOO,Compact SUV,
Geely,Starray,Compact SUV,
Haval,H6,Compact SUV,
Haval,Jolion,Compact SUV,
Honda,CR-V,Compact SUV,"4,706mm, marginally over the band but the global C-segment benchmark"
Honda,ZR-V,Compact SUV,
Hyundai,Tucson,Compact SUV,
Jetour,Dashing,Compact SUV,
Kia,Sportage,Compact SUV,
Kia,Xceed,Compact SUV,raised C-segment hatch on the Ceed platform
MG,HS,Compact SUV,
MG,One,Compact SUV,
MG,RX5,Compact SUV,
Mitsubishi,Eclipse,Compact SUV,
Nissan,Qashqai,Compact SUV,
Opel,Grandland,Compact SUV,
Peugeot,3008,Compact SUV,
Renault,AUSTRAL,Compact SUV,
Renault,Kadjar,Compact SUV,
Seat,Ateca,Compact SUV,"4,381mm but C-segment MQB platform"
Skoda,Karoq,Compact SUV,"4,390mm but C-segment MQB platform"
Soueast,S06,Compact SUV,
Subaru,XV,Compact SUV,
Volkswagen,ID4,Compact SUV,
Volkswagen,Tiguan,Compact SUV,
Volvo,XC40,Compact SUV,
Audi,Q2,Crossover,
Baic,X3,Crossover,
Changan,CS15,Crossover,
Changan,CS35,Crossover,
Changan,CS35 Plus,Crossover,
Chery,Tiggo3,Crossover,
Chery,Tiggo4,Crossover,
Chery,Tiggo4 PRO,Crossover,
Chery,Tiggo4 Pro,Crossover,
Citroen,C3,Crossover,
Fiat,500x,Crossover,
Ford,Ecosport,Crossover,
GAC,EMZOOM,Crossover,
Geely,Coolray,Crossover,
Geely,GX3,Crossover,
Hyundai,Bayon,Crossover,
Hyundai,Creta,Crossover,
Jac,S2,Crossover,
Jac,S3,Crossover,
Jac,S4,Crossover,
Jeep,Renegade,Crossover,
Kaiyi,X3,Crossover,
Kia,Seltos,Crossover,
Land Rover,Evoque,Crossover,
MG,MGZS,Crossover,
Mercedes,EQA,Crossover,
Mercedes,GLA,Crossover,"brand entry SUV, X1/Q3 rival but shorter at 4,417mm"
Nissan,Juke,Crossover,
Opel,Crossland,Crossover,
Opel,Mokka,Crossover,
Peugeot,2008,Crossover,
Renault,Duster,Crossover,
Seat,Arona,Crossover,
Skoda,Kamiq,Crossover,
Soueast,S05,Crossover,
Ssangyong,Tivoli,Crossover,
Suzuki,Vitara,Crossover,
Toyota,C-HR,Crossover,
Toyota,Urban Cruise,Crossover,
Volkswagen,T ROC,Crossover,
Citroen,C4,Hatchback,"C-segment hatchback, not an SUV"
DS,DS4,Hatchback,"premium C-segment hatchback, not an SUV"
Zeekr,1,Hatchback,"electric shooting brake / estate, not an SUV"
Alfa Romeo,Stelvio,SUV,
Audi,Q7,SUV,
Audi,Q8,SUV,
BMW,IX3,SUV,mechanically an X3
BMW,X3,SUV,"4,755mm / 2,865mm WB — D-segment by size despite ""compact luxury"" marketing"
BMW,X4,SUV,
BMW,X5,SUV,
BMW,X6,SUV,
BMW,X7,SUV,
BYD,Song L,SUV,
BYD,Song Plus,SUV,"4,775mm — exceeds C-segment bands despite BYD calling it compact"
BYD,Tang L,SUV,
Baic,BJ30e,SUV,
Baic,X7,SUV,
Chery,Tiggo8,SUV,
Chery,Tiggo8 Pro,SUV,
Chery,Tiggo8 Pro Max,SUV,
Chevrolet,Captiva,SUV,
DFSK,EAGLE,SUV,
DFSK,GLORY,SUV,
DFSK,Glory,SUV,
Exeed,RX,SUV,
GMC,Acadia,SUV,
Geely,Okavango,SUV,
Hyundai,Santafe,SUV,
Jaguar,F-PACE,SUV,
Jeep,Grand Cherokee,SUV,
Jetour,T1,SUV,
Jetour,T2,SUV,
Jetour,X70,SUV,
Jetour,X70 Plus,SUV,
Jetour,X90 Plus,SUV,
Jetour,X95,SUV,
KGM,Torres,SUV,
Kia,Sorento,SUV,
Land Rover,Range Rover,SUV,
Land Rover,Velar,SUV,
Mercedes,EQB,SUV,
Mercedes,GLC,SUV,"4,749mm / 2,888mm WB — D-segment by size"
Mercedes,GLE,SUV,
Mercedes,GLS,SUV,
Mitsubishi,Outlander,SUV,
Mitsubishi,Pajero,SUV,
Nissan,X-Trail,SUV,Egypt gets the 7-seat T33
Peugeot,5008,SUV,
Porche,Cayenne,SUV,
Porche,Macan,SUV,
ROX,1,SUV,
Seat,Tarraco,SUV,
Skoda,Kodiaq,SUV,
Soueast,DX8S,SUV,
Soueast,S07,SUV,
Soueast,S09,SUV,
Toyota,Fortuner,SUV,
Toyota,Land Cruiser,SUV,
Toyota,Landr Cruiser,SUV,
Toyota,Rush,SUV,"only 4,435mm but sold as a 7-seater in Egypt — 3-row rule applies"
Volkswagen,ID6,SUV,
Volkswagen,TAYRON,SUV,
Volvo,XC60,SUV,
Volvo,XC90,SUV,
Xpeng,G9,SUV,
Citroen,C4x,Sedan,"fastback sedan, not an SUV"
Peugeot,408,Sedan,"fastback sedan, not an SUV"
