name,governorate,volume
New Cairo,Cairo,68516
Nasr City,Cairo,54623
6 October Unit,Giza,37187
Nozha,Cairo,31006
Hadayek Ahram,Giza,30425
Ebes,Alexandria,30396
Sherok,Cairo,26792
Sheikh Zayed,Giza,24950
Dokki,Giza,24669
Amerya,Cairo,22744
Kattamya,Cairo,22610
Heliopolis,Cairo,21204
Gezira,Cairo,20086
Mansoura,Dakahlia,18224
Maadi,Cairo,17586
Military,Special,17077
Agouza,Giza,16678
Faisal,Giza,15692
Shobra,Cairo,15608
Montaza,Alexandria,14883
Hawamdya,Giza,14482
Moharam Beh,Alexandria,14454
Basateen,Cairo,14441
Borg Arab,Alexandria,14093
Mokkatam,Cairo,13454
Tanta,Gharbia,12698
Helwan,Cairo,12192
Hurghada,Red Sea,11415
Suez,Suez,11173
Obor,Qalioub,10836
Asher,Sharkia,10678
Al Salam,Cairo,10395
Ain Sera,Cairo,10107
Police,Special,9644
Ismalia,Ismalia,9585
Zaqaziq,Sharkia,9430
Ateba,Cairo,9344
Hadayek October,Giza,8853
New Damietta,Damietta,7603
Agami,Alexandria,7465
Hadayek Obba,Cairo,7419
Arab Akiliat,Qalioub,7413
Mahala Kobra,Gharbia,7337
Teben,Cairo,7091
Sheben Kom,Monofia,6789
Wayli,Cairo,6639
Portsaied,Port Said,6356
Shobra Al Khema,Qalioub,6159
Banha,Qalioub,6042
Berkash,Giza,5674
Damietta,Damietta,5564
Bolak,Cairo,5419
Kafr Sheikh,Kafr El Sheikh,5264
Luxor,Luxor,5073
Minya,Minia,4829
Bani Suef,Bani Suef,4796
Warrak,Giza,4731
Damnhour,Behira,4387
Sadat,Monofia,4317
Embaba,Giza,4108
Qana,Qena,4102
Sohag,Sohag,4037
Kafr Zayat,Gharbia,3883
Fayoum,Fayoum,3874
Mansheyet Naser,Cairo,3744
Belbees,Sharkia,3617
Qewesna,Monofia,3599
Fa2oos,Sharkia,3588
Awseem,Giza,3579
Hamol,Kafr El Sheikh,3366
Dkrns,Dakahlia,3355
Nakla,Giza,3221
Meet Ghamr,Dakahlia,3210
Aswan,Aswan,3205
Senblawen,Dakahlia,3101
Tookh,Qalioub,3095
General Transportation,Special,3031
Menya Kamh,Sharkia,3027
Abo Al Matameer,Behira,2959
Blkas,Dakahlia,2857
Ketaa Aam,Special,2835
Marsa Matroh,Marsa Matrouh,2801
Kom Hamada,Behira,2800
Derb Negb,Sharkia,2764
Haram,Giza,2762
Abo Hamad,Sharkia,2702
Kafr Dawar,Behira,2665
Dalngat,Behira,2600
Portsaid,Port Said,2544
Aga,Dakahlia,2540
Farkos,Damietta,2495
New Assiut,Assiut,2480
Assiut,Assiut,2478
Gerga,Sohag,2472
Etay Al Barood,Behira,2440
Ashmon,Monofia,2437
Zefta,Gharbia,2425
Kawthar,Sohag,2416
Nagaa Hamady,Qena,2413
Khanka,Qalioub,2405
Kosya,Assiut,2339
Qaliob,Qalioub,2278
Al Santa,Gharbia,2207
Gamasa,Dakahlia,2173
Nadi El Kodah,Cairo,2136
Nakl Fayoum,Fayoum,2106
Basion,Gharbia,2105
Samnood,Gharbia,2075
Mnoof,Monofia,2044
Saff,Giza,1996
PortFoad,Port Said,1982
Bani Mazar,Minia,1971
Smalot,Minia,1877
Kanater Khayrya,Qalioub,1845
Governmental,Special,1843
Abo Teng,Assiut,1782
Desok,Kafr El Sheikh,1775
Sedy Salem,Kafr El Sheikh,1766
Bagor,Monofia,1662
Sherben,Dakahlia,1660
Electronic,Special,1630
Hussenya,Sharkia,1624
Badr,Behira,1608
Abo Keer,Sharkia,1594
Sharm Sheikh,South Sinai,1591
Tahta,Sohag,1587
Aresh,North Sinai,1578
Berket El Saba,Monofia,1572
Manzala,Dakahlia,1567
Sheben Kanater,Qalioub,1483
Katoor,Gharbia,1405
Rashed,Behira,1357
Yba,Bani Suef,1305
Keft,Qena,1281
Tal Kebeer,Ismalia,1269
Kafr Sakr,Sharkia,1268
Shohadaa,Monofia,1211
Abo Hams,Behira,1185
Nakl Arab,Bani Suef,1166
Hamam,Marsa Matrouh,1148
Abo Karkas,Minia,1140
Wasty,Bani Suef,1140
Edfo,Aswan,1130
Kantara Gharb,Ismalia,1103
Kabari,Alexandria,1079
Maghagha,Minia,1056
Bar Gharby,Luxor,1014
Wadi Natron,Behira,998
Fowa,Kafr El Sheikh,987
Mloy,Minia,985
Abshway,Fayoum,956
Hehya,Sharkia,955
Atsa,Fayoum,936
Dakhla,New Wadi,917
Gam3et Assiut,Assiut,916
Safaga,Red Sea,913
Mohamdya,Behira,871
Asna,Luxor,862
Marsa Alam,Red Sea,828
Fayed,Ismalia,810
Magles Dawla,Special,778
Toor,South Sinai,763
Ras Ghareb,Red Sea,759
Ano Sower,Ismalia,758
Nakhl,North Sinai,745
Qussier,Red Sea,744
Manflot,Assiut,728
Ras Sedr,South Sinai,714
Snoras,Fayoum,707
Kharga,New Wadi,683
Shobra Khet,Behira,677
Awlad Sakr,Sharkia,629
Kom Ambo,Aswan,627
Ahnasya,Bani Suef,624
Der Mwas,Minia,613
Edko,Behira,605
Adawa,Minia,579
Klen,Kafr El Sheikh,529
Rafah,North Sinai,525
Balteem,Kafr El Sheikh,509
Tamya,Fayoum,484
Abo Redes,South Sinai,468
Juhaina,Sohag,452
Newebaa,South Sinai,398
Ryad,Kafr El Sheikh,392
Ber El Abd,North Sinai,369
Draw,Aswan,367
Kantara Shark,Ismalia,360
Nasr Al Noba,Aswan,359
Dahab,South Sinai,355
Malaki,Port Said,301
Samsata,Bani Suef,294
Feshen,Bani Suef,254
302,Monofia,226
Tama,Sohag,213
Farfra,New Wadi,209
305,Dakahlia,98
300,South Sinai,95
303,Dakahlia,69
Baltem,Kafr El Sheikh,58
Sewa,Marsa Matrouh,44
Paris,New Wadi,43
Gomrok,Cairo,32
Johayna,Sohag,23
301,Bani Suef,19
Suez Harbor,Suez,16
Safaga Harbor,Red Sea,5
Alexandria Harbor,Alexandria,4
Neuba Harbor,South Sinai,4
Portsaid Harbor,Port Said,1
